Date,Edits
2025-01-01,826
2025-01-02,1366
2025-01-03,823
2025-01-04,1016
2025-01-05,684
2025-01-06,708
2025-01-07,1067
2025-01-08,1251
2025-01-09,1552
2025-01-10,867
2025-01-11,721
2025-01-12,739
2025-01-13,1111
2025-01-14,1871
2025-01-15,1372
2025-01-16,1200
2025-01-17,1071
2025-01-18,1760
2025-01-19,1601
2025-01-20,896
2025-01-21,951
2025-01-22,982
2025-01-23,874
2025-01-24,931
2025-01-25,1927
2025-01-26,1187
2025-01-27,1150
2025-01-28,986
2025-01-29,1442
2025-01-30,1207
2025-01-31,1150
2025-02-01,1095
2025-02-02,1204
2025-02-03,1350
2025-02-04,841
2025-02-05,1884
2025-02-06,1437
2025-02-07,2473
2025-02-08,1266
2025-02-09,1679
2025-02-10,931
2025-02-11,1532
2025-02-12,1850
2025-02-13,1428
2025-02-14,1156
2025-02-15,1282
2025-02-16,1285
2025-02-17,1819
2025-02-18,1421
2025-02-19,1183
2025-02-20,1293
2025-02-21,636
2025-02-22,1567
2025-02-23,1318
2025-02-24,992
2025-02-25,850
2025-02-26,1570
2025-02-27,1291
2025-02-28,1036
2025-03-01,1048
2025-03-02,1199
2025-03-03,1459
2025-03-04,805
2025-03-05,954
2025-03-06,1133
2025-03-07,1229
2025-03-08,904
2025-03-09,1183
2025-03-10,692
2025-03-11,1041
2025-03-12,1127
2025-03-13,1043
2025-03-14,1128
2025-03-15,928
2025-03-16,666
2025-03-17,897
2025-03-18,1217
2025-03-19,1231
2025-03-20,1119
2025-03-21,910
2025-03-22,2040
2025-03-23,1983
2025-03-24,1534
2025-03-25,1951
2025-03-26,1891
2025-03-27,1551
2025-03-28,1818
2025-03-29,1163
2025-03-30,1415
2025-03-31,1375
2025-04-01,1730
2025-04-02,1936
2025-04-03,1480
2025-04-04,1529
2025-04-05,1413
2025-04-06,1197
2025-04-07,1349
2025-04-08,1200
2025-04-09,1117
2025-04-10,960
2025-04-11,1380
2025-04-12,1351
2025-04-13,1278
2025-04-14,1008
2025-04-15,1181
2025-04-16,1079
2025-04-17,1822
2025-04-18,2864
2025-04-19,1105
2025-04-20,867
2025-04-21,900
2025-04-22,968
2025-04-23,1337
2025-04-24,1531
2025-04-25,1120
2025-04-26,1541
2025-04-27,1369
2025-04-28,1263
2025-04-29,1073
2025-04-30,648
2025-05-01,1010
2025-05-02,978
2025-05-03,1207
2025-05-04,953
2025-05-05,820
2025-05-06,866
2025-05-07,664
2025-05-08,1060
2025-05-09,804
2025-05-10,723
2025-05-11,1490
2025-05-12,1696
2025-05-13,2043
2025-05-14,981
2025-05-15,772
2025-05-16,1119
2025-05-17,1488
2025-05-18,1396
2025-05-19,1299
2025-05-20,1408
2025-05-21,1360
2025-05-22,1211
2025-05-23,1442
2025-05-24,1882
2025-05-25,1637
2025-05-26,1211
2025-05-27,768
2025-05-28,1463
2025-05-29,1568
2025-05-30,2302
2025-05-31,1518
2025-06-01,1137
2025-06-02,951
2025-06-03,1058
2025-06-04,867
2025-06-05,835
2025-06-06,813
2025-06-07,1187
2025-06-08,776
2025-06-09,905
2025-06-10,1289
2025-06-11,979
2025-06-12,1097
2025-06-13,754
2025-06-14,829
2025-06-15,545
2025-06-16,776
2025-06-17,1551
2025-06-18,1183
2025-06-19,1698
2025-06-20,1824
2025-06-21,1744
2025-06-22,1185
2025-06-23,1310
2025-06-24,967
2025-06-25,1252
2025-06-26,1350
2025-06-27,1691
2025-06-28,1355
2025-06-29,1147
2025-06-30,2091
2025-07-01,1970
2025-07-02,2171
2025-07-03,1372
2025-07-04,1195
2025-07-05,1449
2025-07-06,1487
2025-07-07,1578
2025-07-08,1332
2025-07-09,1518
2025-07-10,1903
2025-07-11,1729
2025-07-12,1721
2025-07-13,1244
2025-07-14,1577
2025-07-15,1849
2025-07-16,1170
2025-07-17,1746
2025-07-18,1221
2025-07-19,1337
2025-07-20,1056
2025-07-21,1412
2025-07-22,1669
2025-07-23,1889
2025-07-24,1343
2025-07-25,1771
2025-07-26,1402
2025-07-27,1356
2025-07-28,1430
2025-07-29,1894
2025-07-30,1476
2025-07-31,1957
2025-08-01,1617
2025-08-02,1804
2025-08-03,1405
2025-08-04,1781
2025-08-05,2816
2025-08-06,1777
2025-08-07,1474
2025-08-08,1293
2025-08-09,995
2025-08-10,1167
2025-08-11,1315
2025-08-12,1713
2025-08-13,1292
2025-08-14,1455
2025-08-15,1397
2025-08-16,1555
2025-08-17,1603
2025-08-18,1322
2025-08-19,1406
2025-08-20,1065
2025-08-21,1121
2025-08-22,1146
2025-08-23,1469
2025-08-24,1797
2025-08-25,2036
2025-08-26,1035
2025-08-27,1349
2025-08-28,1679
2025-08-29,1271
2025-08-30,1060
2025-08-31,1770
2025-09-01,1050
2025-09-02,1572
2025-09-03,1299
2025-09-04,1260
2025-09-05,1282
2025-09-06,1391
2025-09-07,1413
2025-09-08,1146
2025-09-09,1051
2025-09-10,1361
2025-09-11,1198
2025-09-12,1285
2025-09-13,1417
2025-09-14,1124
2025-09-15,755
2025-09-16,937
2025-09-17,867
2025-09-18,743
2025-09-19,878
2025-09-20,1219
2025-09-21,916
2025-09-22,923
2025-09-23,1434
2025-09-24,1021
2025-09-25,1032
2025-09-26,1296
2025-09-27,2191
2025-09-28,1984
2025-09-29,1316
2025-09-30,2643
2025-10-01,2375
2025-10-02,2109
2025-10-03,1402
2025-10-04,1903
2025-10-05,1849
2025-10-06,1250
2025-10-07,1548
2025-10-08,1434
2025-10-09,3092
2025-10-10,1798
2025-10-11,2194
2025-10-12,1546
2025-10-13,1865
2025-10-14,1641
2025-10-15,1341
2025-10-16,15290
2025-10-17,1318
2025-10-18,1684
2025-10-19,1544
2025-10-20,1311
2025-10-21,2161
2025-10-22,1336
2025-10-23,1107
2025-10-24,1332
2025-10-25,2006
2025-10-26,2102
2025-10-27,1275
2025-10-28,1873
2025-10-29,1787
2025-10-30,1509
2025-10-31,1249
2025-11-01,1962
2025-11-02,1915
2025-11-03,1169
2025-11-04,2002
2025-11-05,1757
2025-11-06,1181
2025-11-07,1718
2025-11-08,1467
2025-11-09,1841
2025-11-10,1481
2025-11-11,1746
2025-11-12,1530
2025-11-13,1439
2025-11-14,2035
2025-11-15,2090
2025-11-16,2047
2025-11-17,1490
2025-11-18,1054
2025-11-19,1699
2025-11-20,1395
2025-11-21,1553
2025-11-22,1793
2025-11-23,1756
2025-11-24,1294
2025-11-25,1444
2025-11-26,1420
2025-11-27,1041
2025-11-28,1167
2025-11-29,2183
2025-11-30,1655
2025-12-01,1303
2025-12-02,1267
2025-12-03,1717
2025-12-04,1616
2025-12-05,1950
2025-12-06,2171
2025-12-07,1546
2025-12-08,1241
2025-12-09,2472
2025-12-10,1785
2025-12-11,1380
2025-12-12,1508
2025-12-13,1734
2025-12-14,1221
2025-12-15,1446
2025-12-16,1773
2025-12-17,1341
2025-12-18,1251
2025-12-19,1262
2025-12-20,1479
2025-12-21,1226
2025-12-22,1539
2025-12-23,996
2025-12-24,1081
2025-12-25,1048
2025-12-26,1187
2025-12-27,1217
2025-12-28,1378
2025-12-29,1253
2025-12-30,1534
2025-12-31,1305
