Day,Pageviews
2025-01-01,662767
2025-01-02,669505
2025-01-03,651113
2025-01-04,681521
2025-01-05,720342
2025-01-06,655456
2025-01-07,602103
2025-01-08,691191
2025-01-09,675286
2025-01-10,689313
2025-01-11,754899
2025-01-12,788698
2025-01-13,707083
2025-01-14,624334
2025-01-15,626428
2025-01-16,622723
2025-01-17,658342
2025-01-18,732287
2025-01-19,780634
2025-01-20,698820
2025-01-21,661317
2025-01-22,648582
2025-01-23,629874
2025-01-24,627556
2025-01-25,699430
2025-01-26,751482
2025-01-27,651408
2025-01-28,652254
2025-01-29,698645
2025-01-30,659080
2025-01-31,701799
2025-02-01,723828
2025-02-02,769800
2025-02-03,644582
2025-02-04,621944
2025-02-05,658575
2025-02-06,654395
2025-02-07,637918
2025-02-08,739643
2025-02-09,774612
2025-02-10,646834
2025-02-11,626755
2025-02-12,666031
2025-02-13,665627
2025-02-14,639456
2025-02-15,735318
2025-02-16,785084
2025-02-17,704967
2025-02-18,680862
2025-02-19,726460
2025-02-20,700034
2025-02-21,692238
2025-02-22,776171
2025-02-23,836976
2025-02-24,699332
2025-02-25,698183
2025-02-26,709373
2025-02-27,714404
2025-02-28,684883
2025-03-01,765657
2025-03-02,816405
2025-03-03,706851
2025-03-04,674248
2025-03-05,689268
2025-03-06,690786
2025-03-07,704691
2025-03-08,801755
2025-03-09,858022
2025-03-10,710071
2025-03-11,692276
2025-03-12,707125
2025-03-13,691254
2025-03-14,693112
2025-03-15,767914
2025-03-16,804218
2025-03-17,674342
2025-03-18,698889
2025-03-19,669541
2025-03-20,639528
2025-03-21,653199
2025-03-22,920749
2025-03-23,1242097
2025-03-24,1095863
2025-03-25,1101475
2025-03-26,1025259
2025-03-27,946136
2025-03-28,935105
2025-03-29,1056045
2025-03-30,1076039
2025-03-31,951051
2025-04-01,1018384
2025-04-02,957460
2025-04-03,964592
2025-04-04,1060354
2025-04-05,1254141
2025-04-06,1366949
2025-04-07,1180974
2025-04-08,1118136
2025-04-09,1119843
2025-04-10,1085155
2025-04-11,1087728
2025-04-12,1237895
2025-04-13,1310612
2025-04-14,1175798
2025-04-15,1317884
2025-04-16,1160256
2025-04-17,1163146
2025-04-18,1256815
2025-04-19,1262421
2025-04-20,1274439
2025-04-21,1309791
2025-04-22,1092855
2025-04-23,1069165
2025-04-24,1059403
2025-04-25,1049936
2025-04-26,1153591
2025-04-27,1625789
2025-04-28,1060231
2025-04-29,986434
2025-04-30,929472
2025-05-01,954800
2025-05-02,938387
2025-05-03,1034283
2025-05-04,1103657
2025-05-05,956054
2025-05-06,925200
2025-05-07,927797
2025-05-08,938532
2025-05-09,921580
2025-05-10,1004391
2025-05-11,1024932
2025-05-12,894151
2025-05-13,894301
2025-05-14,899507
2025-05-15,853793
2025-05-16,862572
2025-05-17,967092
2025-05-18,1002534
2025-05-19,893354
2025-05-20,886021
2025-05-21,882611
2025-05-22,843231
2025-05-23,860654
2025-05-24,928712
2025-05-25,958079
2025-05-26,923814
2025-05-27,853018
2025-05-28,842622
2025-05-29,850576
2025-05-30,829756
2025-05-31,913339
2025-06-01,882494
2025-06-02,858696
2025-06-03,790080
2025-06-04,764766
2025-06-05,745102
2025-06-06,728787
2025-06-07,773296
2025-06-08,801721
2025-06-09,776203
2025-06-10,751344
2025-06-11,742959
2025-06-12,633104
2025-06-13,801264
2025-06-14,823934
2025-06-15,864715
2025-06-16,863182
2025-06-17,1004281
2025-06-18,886152
2025-06-19,807483
2025-06-20,777513
2025-06-21,810527
2025-06-22,811268
2025-06-23,756789
2025-06-24,745547
2025-06-25,759894
2025-06-26,784852
2025-06-27,743687
2025-06-28,760703
2025-06-29,780996
2025-06-30,773503
2025-07-01,893747
2025-07-02,977736
2025-07-03,916876
2025-07-04,840428
2025-07-05,856139
2025-07-06,943793
2025-07-07,882979
2025-07-08,830236
2025-07-09,839594
2025-07-10,804732
2025-07-11,776538
2025-07-12,826038
2025-07-13,885951
2025-07-14,852922
2025-07-15,869064
2025-07-16,830536
2025-07-17,822849
2025-07-18,843969
2025-07-19,872539
2025-07-20,903643
2025-07-21,881257
2025-07-22,851659
2025-07-23,850990
2025-07-24,807990
2025-07-25,783269
2025-07-26,810357
2025-07-27,862118
2025-07-28,819096
2025-07-29,869316
2025-07-30,851875
2025-07-31,828825
2025-08-01,817049
2025-08-02,827065
2025-08-03,857746
2025-08-04,811232
2025-08-05,890839
2025-08-06,881431
2025-08-07,806647
2025-08-08,810257
2025-08-09,816182
2025-08-10,859201
2025-08-11,811312
2025-08-12,833169
2025-08-13,789980
2025-08-14,760833
2025-08-15,765024
2025-08-16,804701
2025-08-17,839986
2025-08-18,755793
2025-08-19,762855
2025-08-20,771584
2025-08-21,728380
2025-08-22,731851
2025-08-23,777859
2025-08-24,853501
2025-08-25,765289
2025-08-26,734512
2025-08-27,727868
2025-08-28,724709
2025-08-29,755426
2025-08-30,813566
2025-08-31,854730
2025-09-01,799066
2025-09-02,731778
2025-09-03,713240
2025-09-04,676203
2025-09-05,689293
2025-09-06,807194
2025-09-07,856672
2025-09-08,719820
2025-09-09,723752
2025-09-10,742112
2025-09-11,704937
2025-09-12,684870
2025-09-13,826749
2025-09-14,861355
2025-09-15,696091
2025-09-16,684698
2025-09-17,693481
2025-09-18,657188
2025-09-19,671739
2025-09-20,830285
2025-09-21,865887
2025-09-22,712229
2025-09-23,730408
2025-09-24,724082
2025-09-25,665117
2025-09-26,705964
2025-09-27,989640
2025-09-28,1127337
2025-09-29,843409
2025-09-30,984394
2025-10-01,1016728
2025-10-02,905438
2025-10-03,1229679
2025-10-04,1048040
2025-10-05,1115073
2025-10-06,910914
2025-10-07,909508
2025-10-08,890858
2025-10-09,924755
2025-10-10,949078
2025-10-11,1064813
2025-10-12,1129859
2025-10-13,969213
2025-10-14,928546
2025-10-15,936489
2025-10-16,923848
2025-10-17,932557
2025-10-18,1035407
2025-10-19,1095586
2025-10-20,916760
2025-10-21,850754
2025-10-22,861934
2025-10-23,840885
2025-10-24,893424
2025-10-25,999505
2025-10-26,1069629
2025-10-27,1001863
2025-10-28,978554
2025-10-29,1045811
2025-10-30,950736
2025-10-31,923309
2025-11-01,1053372
2025-11-02,1140485
2025-11-03,944284
2025-11-04,983678
2025-11-05,983854
2025-11-06,933113
2025-11-07,1010485
2025-11-08,1168024
2025-11-09,1270579
2025-11-10,1045844
2025-11-11,1129362
2025-11-12,1084422
2025-11-13,1026090
2025-11-14,1062746
2025-11-15,1250549
2025-11-16,1316931
2025-11-17,1094908
2025-11-18,964201
2025-11-19,1023968
2025-11-20,997690
2025-11-21,1036371
2025-11-22,1301259
2025-11-23,1377337
2025-11-24,1177063
2025-11-25,1163327
2025-11-26,1252614
2025-11-27,1123565
2025-11-28,1183262
2025-11-29,1347022
2025-11-30,1314424
2025-12-01,1111060
2025-12-02,1047945
2025-12-03,1100947
2025-12-04,1066570
2025-12-05,1085970
2025-12-06,1452428
2025-12-07,1420665
2025-12-08,1195443
2025-12-09,1275756
2025-12-10,1262684
2025-12-11,1218643
2025-12-12,1289632
2025-12-13,1481128
2025-12-14,1453237
2025-12-15,1341299
2025-12-16,1234448
2025-12-17,1238341
2025-12-18,1165004
2025-12-19,1183628
2025-12-20,1346191
2025-12-21,1381015
2025-12-22,1323921
2025-12-23,1400622
2025-12-24,1185099
2025-12-25,1102158
2025-12-26,1196709
2025-12-27,1348783
2025-12-28,1355699
2025-12-29,1401326
2025-12-30,1390114
2025-12-31,1322708