Day,Pageviews
2025-01-01,1008849
2025-01-02,1019261
2025-01-03,997890
2025-01-04,1060598
2025-01-05,1125474
2025-01-06,1003348
2025-01-07,943101
2025-01-08,1065866
2025-01-09,1052069
2025-01-10,1050407
2025-01-11,1179033
2025-01-12,1205473
2025-01-13,1052233
2025-01-14,972184
2025-01-15,978656
2025-01-16,998830
2025-01-17,1027599
2025-01-18,1138675
2025-01-19,1214675
2025-01-20,1073569
2025-01-21,1030952
2025-01-22,1034679
2025-01-23,1021182
2025-01-24,1038789
2025-01-25,1155578
2025-01-26,1219810
2025-01-27,1059804
2025-01-28,1043102
2025-01-29,1095384
2025-01-30,1082387
2025-01-31,1129446
2025-02-01,1226150
2025-02-02,1273236
2025-02-03,1062399
2025-02-04,1019240
2025-02-05,1075972
2025-02-06,1078496
2025-02-07,1057761
2025-02-08,1208202
2025-02-09,1269734
2025-02-10,1051756
2025-02-11,1029618
2025-02-12,1058241
2025-02-13,1068372
2025-02-14,1029702
2025-02-15,1205211
2025-02-16,1256227
2025-02-17,1084758
2025-02-18,1069350
2025-02-19,1142770
2025-02-20,1089231
2025-02-21,1125611
2025-02-22,1267826
2025-02-23,1313183
2025-02-24,1087919
2025-02-25,1077481
2025-02-26,1094830
2025-02-27,1107731
2025-02-28,1081211
2025-03-01,1239932
2025-03-02,1285450
2025-03-03,1105600
2025-03-04,1104182
2025-03-05,1123485
2025-03-06,1080508
2025-03-07,1100161
2025-03-08,1262003
2025-03-09,1333652
2025-03-10,1072808
2025-03-11,1054294
2025-03-12,1120698
2025-03-13,1063709
2025-03-14,1075162
2025-03-15,1227834
2025-03-16,1264627
2025-03-17,1049725
2025-03-18,1116073
2025-03-19,1067013
2025-03-20,1003367
2025-03-21,1019859
2025-03-22,1380218
2025-03-23,1770943
2025-03-24,1569048
2025-03-25,1574255
2025-03-26,1483708
2025-03-27,1381011
2025-03-28,1383183
2025-03-29,1589087
2025-03-30,1588791
2025-03-31,1349697
2025-04-01,1428907
2025-04-02,1366147
2025-04-03,2185326
2025-04-04,1534754
2025-04-05,2020777
2025-04-06,1941083
2025-04-07,1626581
2025-04-08,1591158
2025-04-09,1586433
2025-04-10,1577983
2025-04-11,1584166
2025-04-12,1847650
2025-04-13,1919585
2025-04-14,1658997
2025-04-15,1819242
2025-04-16,1719163
2025-04-17,1694984
2025-04-18,1800577
2025-04-19,1867300
2025-04-20,1876296
2025-04-21,1890987
2025-04-22,1580271
2025-04-23,1549429
2025-04-24,1522598
2025-04-25,1535749
2025-04-26,1723778
2025-04-27,2182725
2025-04-28,1508466
2025-04-29,1422635
2025-04-30,1376181
2025-05-01,1470844
2025-05-02,1446028
2025-05-03,1564009
2025-05-04,1660959
2025-05-05,1406789
2025-05-06,1342058
2025-05-07,1348087
2025-05-08,1388782
2025-05-09,1379535
2025-05-10,1537565
2025-05-11,1553683
2025-05-12,1303039
2025-05-13,1313136
2025-05-14,1330418
2025-05-15,1246975
2025-05-16,1296938
2025-05-17,1497970
2025-05-18,1541034
2025-05-19,1333860
2025-05-20,1320286
2025-05-21,1324562
2025-05-22,1248216
2025-05-23,1283037
2025-05-24,1439696
2025-05-25,1469197
2025-05-26,1329561
2025-05-27,1252600
2025-05-28,1266607
2025-05-29,1263477
2025-05-30,1252951
2025-05-31,1418730
2025-06-01,1373128
2025-06-02,1287401
2025-06-03,1214293
2025-06-04,1167476
2025-06-05,1143276
2025-06-06,1156302
2025-06-07,1264373
2025-06-08,1295270
2025-06-09,1191837
2025-06-10,1170871
2025-06-11,1152037
2025-06-12,989790
2025-06-13,1232280
2025-06-14,1337954
2025-06-15,1399045
2025-06-16,1300756
2025-06-17,1478685
2025-06-18,1394702
2025-06-19,1317515
2025-06-20,1295699
2025-06-21,1341598
2025-06-22,1336889
2025-06-23,1216619
2025-06-24,1216229
2025-06-25,1192577
2025-06-26,1275937
2025-06-27,1193291
2025-06-28,1265417
2025-06-29,1302758
2025-06-30,1239401
2025-07-01,1440904
2025-07-02,1509837
2025-07-03,1472556
2025-07-04,1338164
2025-07-05,1394322
2025-07-06,1507924
2025-07-07,1396124
2025-07-08,1334971
2025-07-09,1351998
2025-07-10,1324398
2025-07-11,1290515
2025-07-12,1361884
2025-07-13,1440191
2025-07-14,1392974
2025-07-15,1414593
2025-07-16,1386729
2025-07-17,1393171
2025-07-18,1393732
2025-07-19,1440994
2025-07-20,1486696
2025-07-21,1451122
2025-07-22,1395753
2025-07-23,1412973
2025-07-24,1361186
2025-07-25,1317937
2025-07-26,1373659
2025-07-27,1474889
2025-07-28,1394058
2025-07-29,1448742
2025-07-30,1432783
2025-07-31,1394767
2025-08-01,1396117
2025-08-02,1402414
2025-08-03,1445724
2025-08-04,1367006
2025-08-05,1457478
2025-08-06,1458227
2025-08-07,1365117
2025-08-08,1364920
2025-08-09,1381656
2025-08-10,1454073
2025-08-11,1378990
2025-08-12,1409338
2025-08-13,1362086
2025-08-14,1363543
2025-08-15,1357891
2025-08-16,1396448
2025-08-17,1441543
2025-08-18,1316145
2025-08-19,1338777
2025-08-20,1362177
2025-08-21,1268190
2025-08-22,1250920
2025-08-23,1319348
2025-08-24,1414149
2025-08-25,1291498
2025-08-26,1271375
2025-08-27,1265467
2025-08-28,1253094
2025-08-29,1284670
2025-08-30,1378707
2025-08-31,1435571
2025-09-01,1235640
2025-09-02,1159926
2025-09-03,1139813
2025-09-04,1088263
2025-09-05,1120979
2025-09-06,1350307
2025-09-07,1411349
2025-09-08,1146917
2025-09-09,1177569
2025-09-10,1248657
2025-09-11,1162025
2025-09-12,1129896
2025-09-13,1382877
2025-09-14,1434312
2025-09-15,1137389
2025-09-16,1109582
2025-09-17,1092261
2025-09-18,1041615
2025-09-19,1144107
2025-09-20,1365993
2025-09-21,1379200
2025-09-22,1132082
2025-09-23,1170157
2025-09-24,1137407
2025-09-25,1051361
2025-09-26,1118497
2025-09-27,1540818
2025-09-28,1686475
2025-09-29,1282340
2025-09-30,1481687
2025-10-01,1548126
2025-10-02,1427643
2025-10-03,1741237
2025-10-04,1632011
2025-10-05,1707343
2025-10-06,1392197
2025-10-07,1432152
2025-10-08,1393125
2025-10-09,1401721
2025-10-10,1470299
2025-10-11,1668273
2025-10-12,1796211
2025-10-13,1468056
2025-10-14,1422495
2025-10-15,1423439
2025-10-16,1375257
2025-10-17,1447794
2025-10-18,1676279
2025-10-19,1754645
2025-10-20,1415155
2025-10-21,1326118
2025-10-22,1325884
2025-10-23,1277397
2025-10-24,1404325
2025-10-25,1628552
2025-10-26,1740991
2025-10-27,1525590
2025-10-28,1518054
2025-10-29,1583212
2025-10-30,1497854
2025-10-31,1468140
2025-11-01,1717240
2025-11-02,1829703
2025-11-03,1515034
2025-11-04,1575391
2025-11-05,1556895
2025-11-06,1473870
2025-11-07,1572543
2025-11-08,1883197
2025-11-09,2003421
2025-11-10,1581218
2025-11-11,1752355
2025-11-12,1684693
2025-11-13,1544788
2025-11-14,1636548
2025-11-15,1942732
2025-11-16,2026110
2025-11-17,1621811
2025-11-18,1410127
2025-11-19,1561149
2025-11-20,1526743
2025-11-21,1584258
2025-11-22,2003499
2025-11-23,2084390
2025-11-24,1707670
2025-11-25,1689368
2025-11-26,1780451
2025-11-27,1641074
2025-11-28,1753397
2025-11-29,2040255
2025-11-30,2005500
2025-12-01,1638339
2025-12-02,1579197
2025-12-03,1639326
2025-12-04,1616897
2025-12-05,1650363
2025-12-06,2150934
2025-12-07,2184954
2025-12-08,1766538
2025-12-09,1906243
2025-12-10,1891335
2025-12-11,1832189
2025-12-12,1921838
2025-12-13,2275694
2025-12-14,2225411
2025-12-15,1952858
2025-12-16,1869077
2025-12-17,1863720
2025-12-18,1789270
2025-12-19,1829706
2025-12-20,2133575
2025-12-21,2200939
2025-12-22,2009600
2025-12-23,2048999
2025-12-24,1789364
2025-12-25,1705100
2025-12-26,1862445
2025-12-27,2124160
2025-12-28,2164006
2025-12-29,2150015
2025-12-30,2124666
2025-12-31,1960545